name,accuracy,precision,recall,f1_score,roc_auc
Logistic Regression,0.7433333333333333,0.44761904761904764,0.7121212121212122,0.5497076023391813,0.8212898212898213
Random Forest,0.75,0.45054945054945056,0.6212121212121212,0.5222929936305732,0.7939005439005439
Decision Tree,0.6466666666666666,0.3319327731092437,0.5984848484848485,0.42702702702702705,0.6728664853664853
